"6002839660079","Shopping and fashion","Beauty","Cosmetics"
"6002866718622","Business and industry","Science"
"6002867432822","Shopping and fashion","Beauty"
"6002868021822","Hobbies and activities","Travel","Adventure travel"
"6002868910910","Food and drink","Food","Organic food"
"6002884511422","Business and industry","Small business"
"6002920953955","Business and industry","Design","Interior design"
"6002925538921","Hobbies and activities","Arts and music","Acting"
"6002926108721","Hobbies and activities","Travel","Vacations"
"6002929380259","Sports and outdoors","Sports","Volleyball"
"6002936693259","Food and drink","Beverages","Soft drinks"
"6002951587955","Entertainment","Music","Classical music"
"6002957026250","Entertainment","Live events","Theatre"
"6002960574320","Technology","Computers","Tablet computers"
"6002963523717","Business and industry","Aviation"
"6002964239317","Food and drink","Cuisine","Mexican cuisine"
"6002964500317","Entertainment","Games","Word games"
"6002970406974","Entertainment","Live events","Concerts"
"6002971085794","Technology","Consumer electronics","Mobile phones"
"6002971095994","Entertainment","Games","Action games"
"6002979499920","Sports and outdoors","Outdoor recreation","Fishing"
"6002984573619","Sports and outdoors","Outdoor recreation","Surfing"
"6002985584323","Sports and outdoors","Outdoor recreation"
"6002986104968","Entertainment","Reading","Mystery fiction"
"6002991239659","Family and relationships","Motherhood"
"6002991736368","Entertainment","Reading"
"6002997799844","Hobbies and activities","Arts and music","Singing"
"6002998123892","Food and drink","Cuisine","Japanese cuisine"
"6002998517244","Technology","Consumer electronics","Camcorders"
"6003012185129","Fitness and wellness","Meditation"
"6003012317397","Entertainment","Games","Gambling"
"6003012461997","Food and drink","Alcoholic beverages","Beer"
"6003020834693","Entertainment","Music"
"6003025268985","Shopping and fashion","Beauty","Tattoos"
"6003029869785","Hobbies and activities","Arts and music"
"6003030029655","Food and drink","Cuisine","Chinese cuisine"
"6003030519207","Entertainment","Games","Online poker"
"6003049202156","Hobbies and activities","Politics and social issues","Community issues"
"6003053056644","Hobbies and activities","Home and garden","Gardening"
"6003054884732","Shopping and fashion","Shopping","Coupons"
"6003059385128","Hobbies and activities","Travel","Ecotourism"
"6003059733932","Entertainment","Games","First-person shooter games"
"6003062205328","Business and industry","Banking","Retail banking"
"6003063638807","Business and industry","Banking","Investment banking"
"6003064649070","Hobbies and activities","Travel","Mountains"
"6003070122382","Shopping and fashion","Toys"
"6003070856229","Entertainment","Games"
"6003071094715","Entertainment","Music","Gospel music"
"6003074487739","Entertainment","Reading","E-books"
"6003074954515","Business and industry","Sales"
"6003076016339","Business and industry","Online","Email marketing"
"6003083357650","Entertainment","Reading","Manga"
"6003087413192","Sports and outdoors","Sports","Baseball"
"6003088846792","Shopping and fashion","Beauty","Beauty salons"
"6003090714101","Hobbies and activities","Travel","Car rentals"
"6003092330156","Sports and outdoors","Outdoor recreation","Mountain biking"
"6003092882217","Hobbies and activities","Vehicles","Trucks"
"6003096002658","Business and industry","Design","Graphic design"
"6003101323797","Family and relationships","Fatherhood"
"6003102729234","Food and drink","Cuisine","Italian cuisine"
"6003102988840","Food and drink","Cuisine","Latin American cuisine"
"6003103108917","Shopping and fashion","Shopping","Boutiques"
"6003105618835","Hobbies and activities","Arts and music","Crafts"
"6003106813190","Sports and outdoors","Outdoor recreation","Hunting"
"6003107699532","Entertainment","Music","Soul music"
"6003107902433","Sports and outdoors","Sports","Association football (Soccer)"
"6003108411433","Hobbies and activities","Pets","Rabbits"
"6003108649035","Food and drink","Cuisine","Spanish cuisine"
"6003108826384","Entertainment","Live events","Music festivals"
"6003115804542","Technology","Computers","Desktop computers"
"6003116038942","Technology","Computers","Computer monitors"
"6003120620858","Food and drink","Restaurants","Coffeehouses"
"6003122958658","Sports and outdoors","Outdoor recreation","Boating"
"6003125064949","Hobbies and activities","Vehicles","Electric vehicle"
"6003125948045","Food and drink","Food","Desserts"
"6003126215349","Entertainment","Reading","Comics"
"6003126358188","Entertainment","TV","TV game shows"
"6003127206524","Business and industry","Online","Digital marketing"
"6003129926917","Entertainment","Movies","Animated movies"
"6003132926214","Hobbies and activities","Home and garden","Furniture"
"6003133486214","Hobbies and activities","Vehicles"
"6003133978408","Food and drink","Food","Chocolate"
"6003134986700","Food and drink","Cooking","Baking"
"6003137105590","Hobbies and activities","Politics and social issues","Volunteering"
"6003139266461","Entertainment","Movies"
"6003141785766","Business and industry","Personal finance","Mortgage loans"
"6003142705949","Technology","Computers","Computer processors"
"6003142974961","Hobbies and activities","Arts and music","Painting"
"6003143720966","Business and industry","Personal finance"
"6003146442552","Entertainment","Music","Jazz music"
"6003146718552","Sports and outdoors","Sports","Auto racing"
"6003146729229","Food and drink","Alcoholic beverages","Distilled beverage"
"6003147868152","Entertainment","Live events","Parties"
"6003148544265","Food and drink","Alcoholic beverages","Wine"
"6003151951349","Technology","Computers","Computer servers"
"6003153672865","Entertainment","Games","Online games"
"6003154043305","Hobbies and activities","Arts and music","Performing arts"
"6003155333705","Food and drink","Food","Vegetarianism"
"6003156321008","Entertainment","Live events","Bars"
"6003157824284","Entertainment","Movies","Bollywood movies"
"6003159378782","Hobbies and activities","Pets","Cats"
"6003159413034","Hobbies and activities","Pets","Fish"
"6003161475030","Entertainment","Movies","Comedy movies"
"6003162931434","Sports and outdoors","Sports","College football"
"6003166397215","Sports and outdoors","Sports","Swimming"
"6003167425934","Shopping and fashion"
"6003172273055","Hobbies and activities","Politics and social issues","Sustainability"
"6003172448161","Entertainment","TV","TV talkshows"
"6003172932634","Entertainment","TV"
"6003176101552","Entertainment","Games","Massively multiplayer online games"
"6003176678152","Hobbies and activities","Vehicles","Automobiles"
"6003178374133","Entertainment","Movies","Fantasy movies"
"6003179515414","Entertainment","Music","Dance music"
"6003120620858","Food and drink","Restaurants","Coffeehouses"
"6003188355978","Shopping and fashion","Fashion accessories","Dresses"
"6003194056672","Hobbies and activities","Arts and music","Fine art"
"6003195554098","Entertainment","Music","Rhythm and blues music"
"6003195797498","Food and drink","Cuisine"
"6003198370967","Entertainment","Games","Massively multiplayer online role-playing games"
"6003198476967","Shopping and fashion","Fashion accessories","Handbags"
"6003198851865","Family and relationships","Dating"
"6003200340482","Food and drink","Cuisine","Middle Eastern cuisine"
"6003206216430","Entertainment","Reading","Magazines"
"6003206308286","Entertainment","Movies","Science fiction movies"
"6003207605030","Hobbies and activities","Vehicles","Minivans"
"6003210799924","Entertainment","Reading","Romance novels"
"6003211401886","Hobbies and activities","Travel","Air travel"
"6003217093576","Business and industry","Personal finance","Insurance"
"6003220634758","Shopping and fashion","Shopping","Discount stores"
"6003224441249","Technology","Consumer electronics","Televisions"
"6003225325061","Entertainment","Movies","Thriller movies"
"6003225556345","Entertainment","Music","Hip hop music"
"6003225930699","Hobbies and activities","Travel","Cruises"
"6003232518610","Family and relationships","Parenting"
"6003234413249","Hobbies and activities","Home and garden","Home improvement"
"6003240742699","Food and drink","Food","Seafood"
"6003243058188","Food and drink","Restaurants","Diners"
"6003243604899","Entertainment","Movies","Action movies"
"6003246168013","Entertainment","Games","Simulation games"
"6003247127613","Entertainment","Live events","Ballet"
"6003247790075","Entertainment","Reading","Literature"
"6003247890613","Entertainment","Live events","Dancehalls"
"6003248338072","Entertainment","Games","Casino games"
"6003252179711","Business and industry","Engineering"
"6003254590688","Shopping and fashion","Beauty","Spas"
"6003255640088","Shopping and fashion","Fashion accessories","Sunglasses"
"6003257757682","Entertainment","Music","Blues music"
"6003263791114","Shopping and fashion","Shopping"
"6003266061909","Food and drink","Food"
"6003266225248","Shopping and fashion","Fashion accessories","Jewelry"
"6003266266843","Business and industry","Design","Fashion design"
"6003268182136","Entertainment","TV","TV reality shows"
"6003269553527","Sports and outdoors","Sports"
"6003270811593","Business and industry","Higher education"
"6003274262708","Entertainment","Reading","Fiction books"
"6003277229371","Fitness and wellness","Physical fitness"
"6003279598823","Business and industry","Marketing"
"6003280676501","Technology","Consumer electronics","GPS devices"
"6003280740901","Hobbies and activities","Politics and social issues","Veterans"
"6003283801502","Food and drink","Cuisine","Thai cuisine"
"6003286289697","Hobbies and activities","Pets","Birds"
"6003288647527","Technology","Consumer electronics","Projectors"
"6003289911338","Technology","Consumer electronics","Smartphones"
"6003290005325","Business and industry","Online","Web development"
"6003290811111","Hobbies and activities","Current events"
"6003297396138","Business and industry","Banking"
"6003299204611","Food and drink","Beverages"
"6003302121228","Hobbies and activities","Arts and music","Guitar"
"6003304473660","Hobbies and activities","Vehicles","SUVs"
"6003305361460","Entertainment","TV","TV comedies"
"6003306084421","Fitness and wellness","Yoga"
"6003306415421","Food and drink","Cuisine","Greek cuisine"
"6003324287371","Sports and outdoors","Sports","Skiing"
"6003325186571","Technology","Consumer electronics","Cameras"
"6003332344237","Hobbies and activities","Pets","Dogs"
"6003332483177","Entertainment","Music","Music videos"
"6003341579196","Entertainment","Music","Pop music"
"6003342470823","Entertainment","Games","Board games"
"6003343485089","Food and drink","Cuisine","Korean cuisine"
"6003343997689","Hobbies and activities","Home and garden","Home Appliances"
"6003346311730","Food and drink","Cuisine","Vietnamese cuisine"
"6003346592981","Shopping and fashion","Shopping","Online shopping"
"6003348453981","Shopping and fashion","Clothing","Shoes"
"6003348604581","Shopping and fashion","Fashion accessories"
"6003348662930","Sports and outdoors","Outdoor recreation","Camping"
"6003349175527","Technology","Computers","Computer memory"
"6003349442621","Entertainment"
"6003351312828","Entertainment","Movies","Musical theatre"
"6003351764757","Sports and outdoors","Sports","Triathlons"
"6003353550130","Hobbies and activities","Vehicles","Motorcycles"
"6003359996821","Hobbies and activities","Travel","Nature"
"6003361714600","Entertainment","Live events","Nightclubs"
"6003369240775","Sports and outdoors","Sports","Basketball"
"6003369782940","Business and industry","Personal finance","Credit cards"
"6003370636074","Business and industry","Online","Search engine optimization"
"6003371567474","Business and industry","Entrepreneurship"
"6003372667195","Food and drink","Restaurants","Fast food restaurants"
"6003373175581","Entertainment","Movies","Documentary movies"
"6003375422677","Entertainment","Movies","Drama movies"
"6003376089674","Sports and outdoors","Sports","American football"
"6003380576181","Entertainment","Games","Role-playing games"
"6003381994165","Technology","Consumer electronics","Portable media players"
"6003382151137","Hobbies and activities","Pets","Reptiles"
"6003384248805","Fitness and wellness"
"6003385141743","Entertainment","Games","Racing games"
"6003385609165","Food and drink","Cooking","Recipes"
"6003387418453","Business and industry","Online","Web hosting"
"6003387633593","Hobbies and activities","Arts and music","Drums"
"6003388314512","Business and industry","Personal finance","Investment"
"6003389760112","Business and industry","Online","Social media marketing"
"6003390752144","Shopping and fashion","Shopping","Shopping malls"
"6003392512725","Food and drink","Beverages","Energy drinks"
"6003394580331","Hobbies and activities","Vehicles","RVs"
"6003395353671","Hobbies and activities","Politics and social issues","Religion"
"6003395414271","Business and industry","Construction"
"6003397425735","Sports and outdoors","Sports","Tennis"
"6003397496347","Fitness and wellness","Running"
"6003398056603","Food and drink","Restaurants","Fast casual restaurants"
"6003402305839","Business and industry","Business"
"6003402518839","Business and industry","Online","Web design"
"6003404634364","Technology","Computers"
"6003409043877","Food and drink","Alcoholic beverages"
"6003409392877","Family and relationships","Weddings"
"6003415393053","Shopping and fashion","Clothing","Children's clothing"
"6003416777039","Hobbies and activities","Pets","Horses"
"6003417378239","Entertainment","Live events","Plays"
"6003420024431","Food and drink","Cuisine","French cuisine"
"6003420644631","Entertainment","Reading","Non-fiction books"
"6003422719241","Hobbies and activities","Politics and social issues","Charity and causes"
"6003423342191","Hobbies and activities","Arts and music","Dance"
"6003423416540","Technology","Computers","Free software"
"6003424404140","Sports and outdoors","Sports","Marathons"
"6003430600057","Hobbies and activities","Travel","Lakes"
"6003430696269","Hobbies and activities","Travel","Tourism"
"6003431201869","Hobbies and activities","Travel","Beaches"
"6003434373937","Entertainment","Games","Browser games"
"6003435096731","Food and drink","Food","Barbecue"
"6003436950375","Food and drink","Restaurants"
"6003443805331","Shopping and fashion","Beauty","Fragrances"
"6003445506042","Family and relationships","Marriage"
"6003446055283","Hobbies and activities","Vehicles","Scooters"
"6003456330903","Shopping and fashion","Beauty","Hair products"
"6003456388203","Shopping and fashion","Clothing"
"6003461162225","Hobbies and activities","Pets","Pet food"
"6003462707303","Entertainment","Reading","Books"
"6003464109203","Business and industry","Health care"
"6003466585319","Business and industry","Banking","Online banking"
"6003470511564","Hobbies and activities","Home and garden","Do it yourself (DIY)"
"6003473077165","Fitness and wellness","Weight training"
"6003476182657","Family and relationships","Family"
"6003481391264","Business and industry","Online","Display advertising"
"6003491283786","Food and drink","Beverages","Tea"
"6003493980595","Entertainment","Music","Country music"
"6003494675627","Food and drink","Cuisine","Indian cuisine"
"6003510075864","Sports and outdoors","Sports","Golf"
"6003512053894","Sports and outdoors","Sports","Snowboarding"
"6003526234370","Business and industry","Online","Online advertising"
"6003540150873","Entertainment","Games","Sports games"
"6003572379887","Hobbies and activities","Travel","Hotels"
"6003578086487","Business and industry","Real estate"
"6003582500438","Entertainment","Games","Strategy games"
"6003582732907","Entertainment","Music","Rock music"
"6003584163107","Business and industry","Advertising"
"6003586608473","Hobbies and activities","Arts and music","Writing"
"6003605717820","Entertainment","Movies","Anime movies"
"6003626773307","Food and drink","Beverages","Coffee"
"6003629266583","Technology","Computers","Hard drives"
"6003633122583","Entertainment","Music","Heavy metal music"
"6003641846820","Food and drink","Food","Veganism"
"6003647522546","Entertainment","Games","Card games"
"6003648059946","Fitness and wellness","Bodybuilding"
"6003649983713","Business and industry","Design"
"6003654559478","Hobbies and activities","Politics and social issues","Politics"
"6003656063078","Business and industry","Nursing"
"6003656112304","Business and industry","Economics"
"6003656296104","Technology","Computers","Network storage"
"6003656922020","Entertainment","Movies","Horror movies"
"6003659420716","Food and drink","Cooking"
"6003668857118","Food and drink","Food","Pizza"
"6003668975718","Entertainment","Games","Puzzle video games"
"6003703762913","Hobbies and activities","Politics and social issues","Law"
"6003703931713","Food and drink","Beverages","Juice"
"6003716669862","Technology","Consumer electronics"
"6003717247746","Hobbies and activities","Arts and music","Sculpture"
"6003717914546","Hobbies and activities","Vehicles","Hybrids"
"6003729124262","Technology","Consumer electronics","Audio equipment"
"6003778400853","Business and industry","Retail"
"6003779859852","Sports and outdoors","Outdoor recreation","Horseback riding"
"6003780008652","Business and industry","Online"
"6003780025252","Hobbies and activities","Arts and music","Drawing"
"6003840140052","Business and industry","Agriculture"
"6003899195666","Hobbies and activities","Arts and music","Photography"
"6003902397066","Entertainment","Music","Electronic music"
"6003902462066","Hobbies and activities","Travel","Theme parks"
"6003940339466","Entertainment","Games","Video games"
"6003943667466","Technology","Consumer electronics","Game consoles"
"6003970975896","Hobbies and activities","Politics and social issues","Environmentalism"
"6003985771306","Technology"
"6004030160948","Business and industry","Online","Social media"
"6004037107009","Hobbies and activities","Vehicles","Boats"
"6004037400009","Food and drink","Food","Fast food"
"6004037726009","Hobbies and activities","Pets"
"6004037932409","Business and industry","Management"
"6004043913548","Entertainment","Reading","Newspapers"
"6004094205989","Food and drink","Cuisine","German cuisine"
"6004100985609","Family and relationships","Friendship"
"6004115167424","Fitness and wellness","Physical exercise"
"6004140335706","Business and industry","Architecture"
"6004160395895","Hobbies and activities","Travel"
"6005609368513","Technology","Computers","Software"
"6007828099136","Shopping and fashion","Shopping","Luxury goods"
"6008740787350","Business and industry"
"6008803895164","Sports and outdoors"
"6008832464480","Technology","Consumer electronics","E-book readers"
"6009248606271","Food and drink"
"6009422452499","Hobbies and activities","Home and garden"
"6010924093432","Entertainment","Live events"
"6011366104268","Shopping and fashion","Clothing","Women's clothing"
"6011515350975","Hobbies and activities","Politics and social issues"
"6011994253127","Shopping and fashion","Clothing","Men's clothing"
"6012547807252","Hobbies and activities"
"6012684376438","Family and relationships"
